NOM;PRENOM;ADRESSE1;ADRESSE2;CODE;VILLE;ETAT;PAYS;EMAIL;TEL;SEXE;NUMERO;HANDICAP;LICENCE;ANNEE_NAISSANCE;MOIS_NAISSANCE;JOURS_NAISSANCE;CATEGORIE;TEMPS;CLUB;CODECLUB;ORGANISME;NATION;COURSE;DISTANCE;PAYE;INVITE;ENVOICLASST;CERTIF MEDICAL
jouanno;nicolas;35 rue albert de mun;;56300;Pontivy;;;nicolas.j@izir.fr;;Homme;;;;1987;10;31;8;;;;;;trail 12km;;CB;N;N;N
jouanno;nicolas;35 rue albert de mun;;56300;Pontivy;;;nicolas.j@izir.fr;;Homme;;;;1987;10;31;8;;;;;;trail 12km;;CB;N;N;N
jouanno;nicolas;35 rue albert de mun;;56300;Pontivy;;;nicolas.j@izir.fr;;Homme;;;;1987;10;31;8;;;;;;trail 23 km;;CB;N;N;O
jouanno;nicolas;35 rue albert de mun;;56300;Pontivy;;;nicolas.j@izir.fr;;Homme;;;;1987;10;31;8;;;;;;trail 12km;;AUTRE;N;N;N
jouanno;nicolas;35 rue albert de mun;;56300;Pontivy;;;nicolas.j@izir.fr;;Homme;;;;1987;10;31;8;;;;;;trail 12km;;AUTRE;N;N;O
jouanno;nicolas;35 rue albert de mun;;56300;Pontivy;;;nicolas.j@izir.fr;;Homme;;;;1987;10;31;8;;izir;;;;trail 12km;;AUTRE;N;N;O
jouanno;nicolas;35 rue albert de mun;;56300;Pontivy;;;nicolas.j@izir.fr;;Homme;;;;1987;10;31;8;;izir;;;;trail 12km;;CB;N;N;O
jouanno;nicolas;35 rue albert de mun;;56300;Pontivy;;;nicolas.j@izir.fr;;Homme;;;;1987;10;31;8;;izir;;;;trail 12km;;AUTRE;N;N;O
jouanno;nicolas;35 rue albert de mun;;56300;Pontivy;;;nicolas.j@izir.fr;;Homme;;;;1987;10;31;8;;izir;;;;trail 12km;;NON;N;N;O
JOJO;nicolas;35 rue albert de mun;;56300;Pontivy;;;nicolas.j@izir.fr;;Homme;;;;1987;10;31;8;;izir;;;;trail 12km;;CB;N;N;O
registration;nicolas;35 rue albert de mun;;56300;pontivy;;;nicolas.j@izir.fr;;Homme;;;;1987;10;31;8;;izir;;;;trail 12km;;NON;N;N;O
registration 2;nicolas;35 rue albert de mun;;56300;pontivy;;;nicolas.j@izir.fr;;Homme;;;;1987;10;31;8;;izir;;;;trail 12km;;CB;N;N;O
jouanno;nicolas;35 rue albert de mun;;56300;Pontivy;;;nicolas.j@izir.fr;;Homme;;;;1987;10;31;8;;;;;;trail 12km;;NON;N;N;O
jouanno TEST;nicolas;35 rue albert de mun;;56300;Pontivy;;;nicolas.j@izir.fr;;Homme;;;;1987;10;31;8;;izir;;;;trail 12km;;NON;N;N;O
jouanno;nicolas;35 rue albert de mun;;56300;Pontivy;;;nicolas.j@izir.fr;;Homme;;;;1987;10;31;8;;izir;;;;trail 23 km;;CB;N;N;O
jouanno;nicolas;35 rue albert de mun;;56300;pontivy;;;nicolas.j@izir.fr;;Homme;;;;1987;10;31;8;;izir;;;;trail 12km;;AUTRE;N;N;O
jouanno;nicolas;35 rue albert de mun;;56300;pontivy;;;nicolas.j@izir.fr;;Homme;;;;1987;10;31;8;;izir;;;;trail 12km;;CB;N;N;O
jouanno;nicolas;35 rue albert de mun;;56300;pontivy;;;nicolas.j@izir.fr;;Homme;;;;1987;10;31;8;;izir;;;;trail 12km;;NON;N;N;O
jouanno;nicolas;35 rue albert de mun;;56300;pontivy;;;nicolas.j@izir.fr;;Homme;;;;1987;10;31;8;;izir;;;;trail 12km;;CB;N;N;O